sequence_id,frame_index,timestamp,x_0,y_0,z_0,x_1,y_1,z_1,x_2,y_2,z_2,x_3,y_3,z_3,x_4,y_4,z_4,x_5,y_5,z_5,x_6,y_6,z_6,x_7,y_7,z_7,x_8,y_8,z_8,x_9,y_9,z_9,x_10,y_10,z_10,x_11,y_11,z_11,x_12,y_12,z_12,x_13,y_13,z_13,x_14,y_14,z_14,x_15,y_15,z_15,x_16,y_16,z_16,x_17,y_17,z_17,x_18,y_18,z_18,x_19,y_19,z_19,x_20,y_20,z_20,label
0,0,1739626084.476576,0.578936755657196,0.7280469536781311,-2.161075798312595e-07,0.5350837111473083,0.7068663835525513,-0.015089056454598904,0.49741578102111816,0.6575149893760681,-0.02602127194404602,0.4844187796115875,0.6096190810203552,-0.03936474025249481,0.49248072504997253,0.5688790678977966,-0.052509747445583344,0.5178987383842468,0.5733413100242615,-0.015004592016339302,0.5005945563316345,0.49360939860343933,-0.03768916800618172,0.4917753040790558,0.4457879662513733,-0.05253518000245094,0.48441997170448303,0.4042218327522278,-0.06267686933279037,0.5468565225601196,0.5749439001083374,-0.020508797839283943,0.5218511819839478,0.5436709523200989,-0.059508249163627625,0.5154145956039429,0.6009637117385864,-0.07012194395065308,0.5147809386253357,0.6435237526893616,-0.06825024634599686,0.5761433839797974,0.5816181302070618,-0.028370002284646034,0.5513345003128052,0.5542523264884949,-0.06512539088726044,0.5442543625831604,0.6132631301879883,-0.05961248278617859,0.5445157289505005,0.6542177796363831,-0.04546888917684555,0.6068831086158752,0.5927412509918213,-0.03750868886709213,0.5869991779327393,0.5604885220527649,-0.0604768767952919,0.5748239159584045,0.5978674292564392,-0.05374964699149132,0.5708453059196472,0.6302568912506104,-0.042134176939725876,0
0,1,1739626084.5113554,0.5791183710098267,0.7274827361106873,-2.154679776822377e-07,0.5350610017776489,0.7077233195304871,-0.015387940220534801,0.4968263506889343,0.6586169600486755,-0.02654423378407955,0.48370739817619324,0.6098885536193848,-0.0400211401283741,0.49213090538978577,0.5684177875518799,-0.05323987826704979,0.5172735452651978,0.5738405585289001,-0.015566381625831127,0.4999065101146698,0.4932209253311157,-0.03821111470460892,0.4914062023162842,0.44518977403640747,-0.052768852561712265,0.48430415987968445,0.40372106432914734,-0.06269126385450363,0.5463547110557556,0.5750696063041687,-0.020888328552246094,0.5211854577064514,0.5444085001945496,-0.060115113854408264,0.5149387121200562,0.6021588444709778,-0.07055439800024033,0.5142240524291992,0.6448608636856079,-0.06852008402347565,0.5755850076675415,0.5814801454544067,-0.028558041900396347,0.5508422255516052,0.5546625256538391,-0.06560586392879486,0.5440658926963806,0.6144129037857056,-0.059883613139390945,0.5442641377449036,0.655535876750946,-0.04555338993668556,0.6062707304954529,0.5924633741378784,-0.03750428929924965,0.5864315032958984,0.5607620477676392,-0.060775548219680786,0.5744110345840454,0.5986860394477844,-0.05406693369150162,0.5701958537101746,0.6311810612678528,-0.04240670055150986,0
0,2,1739626084.5458846,0.5787490010261536,0.7279340028762817,-2.0756010599143337e-07,0.5349614024162292,0.7078586220741272,-0.015397253446280956,0.49688032269477844,0.6590246558189392,-0.02670753002166748,0.4837627112865448,0.6107954382896423,-0.040433309972286224,0.49232250452041626,0.5699604749679565,-0.05396975204348564,0.516855776309967,0.5733339190483093,-0.015303093940019608,0.49960628151893616,0.4934082627296448,-0.03795834258198738,0.4916718304157257,0.44508862495422363,-0.052628662437200546,0.4850371181964874,0.4036722183227539,-0.0626298114657402,0.5463186502456665,0.5738009810447693,-0.020768247544765472,0.5204151272773743,0.5441271662712097,-0.06017550081014633,0.5140026211738586,0.6014262437820435,-0.0708785429596901,0.5128540992736816,0.6451190710067749,-0.06891865283250809,0.5759203433990479,0.5800325274467468,-0.028588924556970596,0.5497242212295532,0.5561568737030029,-0.06566442549228668,0.543282151222229,0.6157171130180359,-0.06025593355298042,0.5433457493782043,0.6574050188064575,-0.046105414628982544,0.6068599224090576,0.5912292003631592,-0.03770484775304794,0.5857954621315002,0.5626528859138489,-0.06078808382153511,0.5735786557197571,0.6007378697395325,-0.05417092144489288,0.5689277052879333,0.6333720088005066,-0.04262368753552437,0
0,3,1739626084.5922365,0.5790036916732788,0.7291359901428223,-2.1686437889911758e-07,0.5354454517364502,0.7085694074630737,-0.015204054303467274,0.49731868505477905,0.6594310998916626,-0.02620166540145874,0.4832688868045807,0.6109275221824646,-0.03971545770764351,0.49224981665611267,0.5701998472213745,-0.05306088924407959,0.5167897343635559,0.5746174454689026,-0.01402665488421917,0.4992562532424927,0.4948936104774475,-0.03645143657922745,0.4907670021057129,0.44685834646224976,-0.050843629986047745,0.4835859537124634,0.4059678614139557,-0.060613859444856644,0.545962393283844,0.5748836994171143,-0.019441071897745132,0.5197291374206543,0.5455944538116455,-0.05894167721271515,0.5140126347541809,0.6026434302330017,-0.06973421573638916,0.5133897066116333,0.6459635496139526,-0.06765007227659225,0.5754884481430054,0.5806407332420349,-0.027277421206235886,0.5490013360977173,0.5575237274169922,-0.06457245349884033,0.5429977178573608,0.6167992949485779,-0.05948233604431152,0.5433340072631836,0.6578789949417114,-0.04533889517188072,0.6063926815986633,0.5912226438522339,-0.03637152910232544,0.5847267508506775,0.5633618235588074,-0.059361204504966736,0.5730078220367432,0.601399302482605,-0.05288616195321083,0.5689888596534729,0.6334556341171265,-0.04138081893324852,0
0,4,1739626084.6132233,0.5784597992897034,0.7295755743980408,-2.1290033203058556e-07,0.5350906848907471,0.709399938583374,-0.015408571809530258,0.4969300627708435,0.6604130864143372,-0.02664966881275177,0.48300352692604065,0.6118015646934509,-0.04032514616847038,0.49230486154556274,0.5714516639709473,-0.05385880172252655,0.5168908834457397,0.5745668411254883,-0.014555749483406544,0.499679833650589,0.49510735273361206,-0.03694068640470505,0.49121570587158203,0.44706863164901733,-0.05139530450105667,0.48409485816955566,0.40601712465286255,-0.0612967312335968,0.54622483253479,0.5750982165336609,-0.019928649067878723,0.5202915072441101,0.5461230278015137,-0.05931917950510979,0.5142234563827515,0.6034979224205017,-0.07000941038131714,0.5135923624038696,0.6467574238777161,-0.06796305626630783,0.5756338238716125,0.5812170505523682,-0.027706081047654152,0.5494803786277771,0.557417631149292,-0.0647931694984436,0.5430260896682739,0.6166034936904907,-0.05952111631631851,0.5433597564697266,0.657646119594574,-0.045394524931907654,0.6063352823257446,0.5922137498855591,-0.03676946461200714,0.5847328305244446,0.5636570453643799,-0.059697624295949936,0.5729832053184509,0.6018741130828857,-0.05315792188048363,0.5693603754043579,0.6340537667274475,-0.041663434356451035,0
0,5,1739626084.6425984,0.5782705545425415,0.7299509048461914,-2.1156886020889942e-07,0.5351159572601318,0.7094090580940247,-0.016065988689661026,0.4973248541355133,0.6607085466384888,-0.027832284569740295,0.4833591878414154,0.6130474805831909,-0.041887976229190826,0.4922019839286804,0.5721383094787598,-0.0557435117661953,0.5170746445655823,0.5744397640228271,-0.015128525905311108,0.4992997646331787,0.49525606632232666,-0.03787155821919441,0.4906521141529083,0.4474371671676636,-0.05260381102561951,0.4835987389087677,0.4064316749572754,-0.06265685707330704,0.5463039875030518,0.5753490924835205,-0.020309587940573692,0.5206037163734436,0.546562910079956,-0.060111407190561295,0.5144332647323608,0.6040114760398865,-0.07098384201526642,0.5137493014335632,0.6471540927886963,-0.06903514266014099,0.5756828784942627,0.5817311406135559,-0.027988845482468605,0.5498748421669006,0.5575189590454102,-0.06551336497068405,0.5429725050926208,0.6169649958610535,-0.06032119318842888,0.5429046750068665,0.658018171787262,-0.04622041806578636,0.6064122915267944,0.5930086374282837,-0.03698856383562088,0.5848280787467957,0.564250648021698,-0.060376159846782684,0.5729131698608398,0.6033955812454224,-0.05384989455342293,0.5691159963607788,0.6361451745033264,-0.042314816266298294,0
0,6,1739626084.6762445,0.5783215761184692,0.7301125526428223,-2.1093781299441616e-07,0.5357031226158142,0.7098075151443481,-0.016802072525024414,0.4979032874107361,0.661098062992096,-0.02896268293261528,0.48346802592277527,0.6133915185928345,-0.04329844191670418,0.4923728108406067,0.5724672079086304,-0.05736701190471649,0.517152726650238,0.5748382210731506,-0.01593664288520813,0.49930447340011597,0.49542513489723206,-0.03897452354431152,0.490588903427124,0.44767817854881287,-0.05376474931836128,0.48357316851615906,0.40641313791275024,-0.06385370343923569,0.5463559627532959,0.5755463242530823,-0.020812716335058212,0.5206702947616577,0.546676516532898,-0.060962654650211334,0.5148322582244873,0.6048991084098816,-0.07164240628480911,0.5145326256752014,0.647975504398346,-0.06947221606969833,0.5757297873497009,0.5819582343101501,-0.028266387060284615,0.5503741502761841,0.5573996305465698,-0.06626706570386887,0.5433844923973083,0.6173602342605591,-0.06094885244965553,0.543124258518219,0.6585311889648438,-0.04663367196917534,0.6064019203186035,0.5933150053024292,-0.0370977483689785,0.5857425332069397,0.5644301772117615,-0.060901377350091934,0.5736081004142761,0.6033615469932556,-0.05455173924565315,0.5692269802093506,0.6359524726867676,-0.043066348880529404,0
0,7,1739626084.7111378,0.5789008736610413,0.7310649752616882,-2.1483813839040522e-07,0.5364878177642822,0.7109854817390442,-0.01643594540655613,0.4988730847835541,0.6618328094482422,-0.028234925121068954,0.4846617579460144,0.6144892573356628,-0.042265914380550385,0.49218040704727173,0.5732652544975281,-0.05609644204378128,0.5177578330039978,0.5754847526550293,-0.01574862189590931,0.5000006556510925,0.4957667291164398,-0.03856222704052925,0.4914577007293701,0.4478023648262024,-0.05319330096244812,0.4845251142978668,0.40630364418029785,-0.06316889822483063,0.5470150709152222,0.5760037302970886,-0.02069202996790409,0.5211965441703796,0.5475746393203735,-0.06057130545377731,0.5152695775032043,0.6056132316589355,-0.07121244817972183,0.514784038066864,0.6487835645675659,-0.06909853965044022,0.5764313340187073,0.5822163820266724,-0.02815924771130085,0.5507652759552002,0.558132529258728,-0.06597353518009186,0.5437208414077759,0.6179249286651611,-0.06075338274240494,0.5433152318000793,0.6590739488601685,-0.0465964749455452,0.6071330308914185,0.5932794809341431,-0.03695923462510109,0.5862521529197693,0.5644335746765137,-0.06080680713057518,0.5741089582443237,0.6037040948867798,-0.054501116275787354,0.5696910619735718,0.6366645693778992,-0.04305952787399292,0
0,8,1739626084.7464542,0.5790743827819824,0.7316577434539795,-2.1557569596097892e-07,0.535956084728241,0.71115642786026,-0.016159893944859505,0.4983220100402832,0.6620723009109497,-0.02784903347492218,0.48485830426216125,0.614254355430603,-0.04178651422262192,0.49269846081733704,0.5724837779998779,-0.0554722361266613,0.5178335309028625,0.5762012600898743,-0.015597126446664333,0.4998375177383423,0.4961641728878021,-0.038535211235284805,0.49113741517066956,0.44830983877182007,-0.05334091931581497,0.4842662513256073,0.4067356586456299,-0.06341064721345901,0.546785295009613,0.5774299502372742,-0.02067790925502777,0.5212889313697815,0.5476189255714417,-0.060402125120162964,0.5152637958526611,0.6058697700500488,-0.07104465365409851,0.515067994594574,0.6487733125686646,-0.06900454312562943,0.5759747624397278,0.5839256048202515,-0.028271440416574478,0.550925076007843,0.5574004650115967,-0.0657605305314064,0.5439013838768005,0.6171519756317139,-0.060257263481616974,0.5440981388092041,0.6581606268882751,-0.04597606137394905,0.6065723896026611,0.5949867963790894,-0.03720869868993759,0.5861721038818359,0.5636812448501587,-0.06080023571848869,0.574282705783844,0.602516233921051,-0.05422057583928108,0.570537269115448,0.6353259086608887,-0.04259510710835457,0
0,9,1739626084.780132,0.5801287293434143,0.7312772870063782,-2.173834019458809e-07,0.5363861322402954,0.7110251784324646,-0.015580710023641586,0.4984525144100189,0.6621108651161194,-0.02692778967320919,0.4848179817199707,0.6142293810844421,-0.040635187178850174,0.49383747577667236,0.5740630626678467,-0.05412133410573006,0.5180777311325073,0.5760816931724548,-0.014931740239262581,0.5005354285240173,0.4964090883731842,-0.037391338497400284,0.49180907011032104,0.448444664478302,-0.05192682519555092,0.48464322090148926,0.4069989323616028,-0.06190190464258194,0.5470845699310303,0.5772061347961426,-0.020201724022626877,0.5216675996780396,0.5482377409934998,-0.05950532481074333,0.5154937505722046,0.6059146523475647,-0.07010363787412643,0.5148988962173462,0.6491023302078247,-0.06809813529253006,0.5763370394706726,0.5836275219917297,-0.027877861633896828,0.5510607361793518,0.5585758686065674,-0.06485765427350998,0.5442895293235779,0.6175181865692139,-0.05946561321616173,0.54440838098526,0.6584768891334534,-0.045379389077425,0.6070203185081482,0.5946771502494812,-0.03687343746423721,0.5864682197570801,0.5644577145576477,-0.06005045771598816,0.5746003985404968,0.6029633283615112,-0.05350670590996742,0.5707189440727234,0.635877788066864,-0.041989728808403015,0
0,10,1739626084.815738,0.5803813934326172,0.7319018244743347,-2.2328705995278142e-07,0.5365669131278992,0.712232768535614,-0.014485047198832035,0.4985065758228302,0.6621456742286682,-0.02481728605926037,0.4858744144439697,0.6135735511779785,-0.03761889412999153,0.49372026324272156,0.5736594796180725,-0.05024095997214317,0.5183703303337097,0.5764683485031128,-0.0143171651288867,0.501045823097229,0.4967373311519623,-0.03618486225605011,0.49290576577186584,0.4485175609588623,-0.05038103461265564,0.4861854016780853,0.40687501430511475,-0.060186173766851425,0.5475887656211853,0.5776265859603882,-0.019899768754839897,0.5222691297531128,0.5483150482177734,-0.05844534561038017,0.5162957310676575,0.6062983274459839,-0.06865214556455612,0.5158781409263611,0.6499890685081482,-0.06654353439807892,0.5770308971405029,0.5842491388320923,-0.027740098536014557,0.5517045259475708,0.5593269467353821,-0.06400172412395477,0.5451387166976929,0.618597149848938,-0.058344144374132156,0.5455451607704163,0.6598316431045532,-0.04429788514971733,0.6079049706459045,0.5954731106758118,-0.03681648150086403,0.5878208875656128,0.5652521848678589,-0.05954506993293762,0.5755426287651062,0.6035846471786499,-0.052869267761707306,0.5712328553199768,0.6364169120788574,-0.04140447452664375,0
0,11,1739626084.8487952,0.5810220837593079,0.7327864766120911,-2.1908088854161178e-07,0.5369303822517395,0.7120817303657532,-0.014783864840865135,0.499728798866272,0.6621065139770508,-0.02542652189731598,0.48737192153930664,0.6137410998344421,-0.03855683282017708,0.49482232332229614,0.5734174847602844,-0.05146666243672371,0.5195305943489075,0.5774105787277222,-0.014491623267531395,0.5019495487213135,0.49719858169555664,-0.03674305975437164,0.49356210231781006,0.4488542079925537,-0.05135563015937805,0.4865673780441284,0.40688514709472656,-0.06141271814703941,0.5483972430229187,0.5789556503295898,-0.020021526142954826,0.5235611796379089,0.5482485890388489,-0.05876518040895462,0.5168003439903259,0.6061366200447083,-0.06924337893724442,0.5158177614212036,0.6499025821685791,-0.06734238564968109,0.5776599049568176,0.5856907367706299,-0.027864599600434303,0.5530686974525452,0.5577976703643799,-0.06403432786464691,0.545849621295929,0.6170790791511536,-0.05836094170808792,0.5460689067840576,0.6587944626808167,-0.04431351646780968,0.608554482460022,0.596896231174469,-0.037018466740846634,0.5889426469802856,0.565118134021759,-0.059704720973968506,0.576270580291748,0.6026571989059448,-0.05308619514107704,0.5718518495559692,0.6353897452354431,-0.04164239391684532,0
0,12,1739626084.8828032,0.5817651748657227,0.7331362366676331,-2.1652697057561454e-07,0.5378443598747253,0.7123690843582153,-0.01508801244199276,0.500749945640564,0.6629898548126221,-0.026093311607837677,0.4884430170059204,0.6149742603302002,-0.039524637162685394,0.4969920814037323,0.5752134323120117,-0.052740778774023056,0.5202773213386536,0.5770809054374695,-0.014945070259273052,0.502578616142273,0.4970110058784485,-0.037215784192085266,0.49400845170021057,0.44849517941474915,-0.052041880786418915,0.4870030879974365,0.4065644145011902,-0.062335651367902756,0.5493025183677673,0.5783265829086304,-0.020425258204340935,0.5239557027816772,0.5487337708473206,-0.05908893048763275,0.5168973207473755,0.6062653660774231,-0.06974802166223526,0.5160554647445679,0.6501027345657349,-0.06809335947036743,0.5787115693092346,0.5850657820701599,-0.028234025463461876,0.5539312958717346,0.5574358105659485,-0.06404224783182144,0.5463374257087708,0.6154707074165344,-0.05858996510505676,0.5463817119598389,0.6569005250930786,-0.044949088245630264,0.6097493767738342,0.5963331460952759,-0.0374269038438797,0.5896590352058411,0.5652766227722168,-0.06005072221159935,0.5767537355422974,0.6025967597961426,-0.05370991677045822,0.5723212957382202,0.6353695392608643,-0.04256207495927811,0
0,13,1739626084.915238,0.5821364521980286,0.7329438924789429,-2.215251271309171e-07,0.5379199385643005,0.7119886875152588,-0.01475755125284195,0.5009312033653259,0.6621970534324646,-0.025470932945609093,0.48892033100128174,0.6139479875564575,-0.03865770623087883,0.49654513597488403,0.5736035704612732,-0.051654569804668427,0.5207338333129883,0.5778018832206726,-0.0146620599552989,0.5028951168060303,0.4977649748325348,-0.03688643500208855,0.49440276622772217,0.4494543969631195,-0.05158237740397453,0.48738232254981995,0.40753668546676636,-0.06170627474784851,0.5497487187385559,0.5794324278831482,-0.020249325782060623,0.5247229933738708,0.5489062070846558,-0.05877105891704559,0.5182977318763733,0.6066237688064575,-0.06928031146526337,0.5178173184394836,0.6500445008277893,-0.06753815710544586,0.57913738489151,0.5862172842025757,-0.028132455423474312,0.5544951558113098,0.5574949383735657,-0.06416376680135727,0.5470756888389587,0.6165418028831482,-0.058495793491601944,0.5473576188087463,0.65822833776474,-0.04456876963376999,0.6101794838905334,0.5972990989685059,-0.037324223667383194,0.5905376076698303,0.5640997886657715,-0.06004948914051056,0.5777724385261536,0.6017147302627563,-0.0533527173101902,0.5734298825263977,0.6348760724067688,-0.041891273111104965,0
0,14,1739626084.9512007,0.5826079845428467,0.7327705025672913,-2.1510282977033057e-07,0.5387247204780579,0.7120580673217773,-0.015011535957455635,0.5017275214195251,0.6626342535018921,-0.025961007922887802,0.489595502614975,0.6144423484802246,-0.03934342414140701,0.4990825951099396,0.576246976852417,-0.0525687076151371,0.52117520570755,0.5767942667007446,-0.014957964420318604,0.5037559866905212,0.4968763291835785,-0.037444304674863815,0.4951059818267822,0.4486566483974457,-0.052500855177640915,0.4881249964237213,0.40668296813964844,-0.06293461471796036,0.5502038598060608,0.5787966847419739,-0.020490193739533424,0.524867832660675,0.5486572980880737,-0.059418536722660065,0.518534779548645,0.6068583726882935,-0.07008814066648483,0.5185486674308777,0.6504262089729309,-0.06831856817007065,0.5795745849609375,0.5858036279678345,-0.02834927849471569,0.5547662377357483,0.5574305653572083,-0.06460504233837128,0.5473325848579407,0.6162633299827576,-0.05911464989185333,0.5477537512779236,0.6578993797302246,-0.045218054205179214,0.6105238199234009,0.5969842076301575,-0.03755875676870346,0.5907164216041565,0.5642061233520508,-0.060438137501478195,0.5780880451202393,0.6019027829170227,-0.053921304643154144,0.574032187461853,0.6349405646324158,-0.042537376284599304,0
0,15,1739626084.9825938,0.5835814476013184,0.733269453048706,-2.2163521862239577e-07,0.539610743522644,0.7125037908554077,-0.014657940715551376,0.502651035785675,0.6625813245773315,-0.025255665183067322,0.4905160963535309,0.6139684319496155,-0.03842281922698021,0.49941015243530273,0.5763310194015503,-0.0514935664832592,0.521697998046875,0.577544629573822,-0.01417572796344757,0.5040585398674011,0.49814510345458984,-0.03650165721774101,0.49564844369888306,0.450259804725647,-0.051445670425891876,0.4888089597225189,0.4083852171897888,-0.06181112676858902,0.5506240129470825,0.5791411399841309,-0.019798992201685905,0.5255500078201294,0.5485448837280273,-0.05859428271651268,0.5192805528640747,0.6068189740180969,-0.06928405165672302,0.5189246535301208,0.6505101323127747,-0.06753325462341309,0.5800130367279053,0.5858446955680847,-0.027751630172133446,0.555425763130188,0.556887686252594,-0.06395834684371948,0.5478407740592957,0.6163696646690369,-0.05859474465250969,0.5478518605232239,0.6585206389427185,-0.04475107789039612,0.6109528541564941,0.5968167781829834,-0.03702955320477486,0.5916667580604553,0.5640045404434204,-0.059824902564287186,0.5788733959197998,0.6014995574951172,-0.05348585173487663,0.5743511319160461,0.63437819480896,-0.04226987808942795,0
0,16,1739626085.01685,0.5826345682144165,0.7332046031951904,-2.1640566671976558e-07,0.5391378998756409,0.7120576500892639,-0.014638063497841358,0.5025858879089355,0.6623265743255615,-0.02534548006951809,0.4912368357181549,0.6141040921211243,-0.03856527432799339,0.5003550052642822,0.5764706134796143,-0.051704566925764084,0.5220858454704285,0.5766466856002808,-0.01466346438974142,0.5047985315322876,0.4970951974391937,-0.0371854230761528,0.49650824069976807,0.4489551782608032,-0.0524294450879097,0.48993366956710815,0.40693581104278564,-0.06298767030239105,0.5511565804481506,0.5789065957069397,-0.02038651704788208,0.5257376432418823,0.5486325025558472,-0.059335947036743164,0.5195402503013611,0.6076177358627319,-0.07012487947940826,0.5197494029998779,0.6514824032783508,-0.06843475252389908,0.5805980563163757,0.5860524773597717,-0.028404638171195984,0.5557952523231506,0.557073175907135,-0.06458229571580887,0.5484696626663208,0.6163360476493835,-0.059038709849119186,0.5490726232528687,0.6581242680549622,-0.04512202367186546,0.6115579009056091,0.5972335934638977,-0.03775249421596527,0.5921149253845215,0.56377774477005,-0.06053850054740906,0.579582154750824,0.6014764904975891,-0.05392773449420929,0.5756627321243286,0.634366512298584,-0.04249894246459007,0
0,17,1739626085.0504787,0.5834953188896179,0.732824981212616,-2.166070487419347e-07,0.5398432612419128,0.711399257183075,-0.015056826174259186,0.5030998587608337,0.6616384387016296,-0.025955207645893097,0.4912428855895996,0.6134347319602966,-0.03932745009660721,0.5008370876312256,0.5767831802368164,-0.05255978927016258,0.5224601030349731,0.5764463543891907,-0.014779655262827873,0.5051140785217285,0.4966277480125427,-0.03726046532392502,0.4967438280582428,0.44883280992507935,-0.05239063501358032,0.49000728130340576,0.40704435110092163,-0.06283775717020035,0.5515685677528381,0.5790637731552124,-0.020343312993645668,0.526576578617096,0.5479270815849304,-0.059438496828079224,0.5203533172607422,0.6068659424781799,-0.07016003876924515,0.5201929807662964,0.650854229927063,-0.06829007714986801,0.5810611844062805,0.5864254832267761,-0.028238242492079735,0.5565382838249207,0.5567710995674133,-0.06479471921920776,0.5494423508644104,0.6166360974311829,-0.059255730360746384,0.5499248504638672,0.6590080857276917,-0.04510367661714554,0.6119465827941895,0.5976107120513916,-0.0374809205532074,0.5932804346084595,0.563463032245636,-0.06051875650882721,0.5807535648345947,0.6006485819816589,-0.05391709879040718,0.5763180255889893,0.6334893107414246,-0.04237399622797966,0
0,18,1739626085.08414,0.5843397378921509,0.7337354421615601,-2.2058146953440882e-07,0.5405217409133911,0.7121648788452148,-0.015070435591042042,0.503740131855011,0.6625747084617615,-0.02594502829015255,0.4914088845252991,0.61434406042099,-0.03939245268702507,0.5004595518112183,0.5764580368995667,-0.052700143307447433,0.5231661796569824,0.5778726935386658,-0.014576851390302181,0.5055664777755737,0.497910737991333,-0.03726198896765709,0.49715253710746765,0.4498583674430847,-0.052474912256002426,0.49021825194358826,0.4080401360988617,-0.06291274726390839,0.5520589351654053,0.5795764923095703,-0.020109424367547035,0.5267395973205566,0.5491823554039001,-0.05935770645737648,0.5204951763153076,0.6079952120780945,-0.07017980515956879,0.5201222896575928,0.6522321701049805,-0.06836563348770142,0.5815474987030029,0.5862923264503479,-0.028012916445732117,0.5565145611763,0.557323157787323,-0.06462821364402771,0.5496674180030823,0.6172176003456116,-0.059076011180877686,0.5502840280532837,0.6598355174064636,-0.04488695040345192,0.6126009225845337,0.5969280004501343,-0.037291351705789566,0.5938031077384949,0.5636372566223145,-0.06022438406944275,0.5809836387634277,0.6005334854125977,-0.05364738777279854,0.5762096643447876,0.6333290934562683,-0.04211868345737457,0
0,19,1739626085.1165807,0.584790825843811,0.7337545156478882,-2.115859558671218e-07,0.5411908030509949,0.7127363681793213,-0.015450242906808853,0.5048172473907471,0.6632542014122009,-0.026405751705169678,0.49292832612991333,0.6153730750083923,-0.03977926820516586,0.5009568929672241,0.5771000385284424,-0.052918098866939545,0.5233333706855774,0.5781485438346863,-0.015029300935566425,0.5060035586357117,0.4976324141025543,-0.03765254467725754,0.4975484609603882,0.44940370321273804,-0.05278198421001434,0.4906477630138397,0.4072938859462738,-0.06315785646438599,0.5521997213363647,0.5805688500404358,-0.020369555801153183,0.5275027751922607,0.549226701259613,-0.05964118614792824,0.5213433504104614,0.6079235672950745,-0.07045901566743851,0.5212134718894958,0.6518607139587402,-0.06862921267747879,0.5815050601959229,0.5875326991081238,-0.028085999190807343,0.5575249195098877,0.5575261116027832,-0.06468604505062103,0.5503603219985962,0.6170103549957275,-0.05916169285774231,0.5507322549819946,0.6590974926948547,-0.045045726001262665,0.6123301982879639,0.5982217192649841,-0.03720056638121605,0.5941346287727356,0.5635274052619934,-0.06028148531913757,0.5815668702125549,0.6004940867424011,-0.05372177064418793,0.5769725441932678,0.6332228779792786,-0.042191408574581146,0
0,20,1739626085.150294,0.5850338339805603,0.7338243722915649,-2.1259407390061824e-07,0.5413116216659546,0.7126418948173523,-0.01575339399278164,0.5048136115074158,0.6633294820785522,-0.02696685492992401,0.4930539131164551,0.6152945160865784,-0.0406048409640789,0.5009538531303406,0.575675368309021,-0.054025180637836456,0.5239498615264893,0.5781137943267822,-0.015139608643949032,0.5064323544502258,0.4979645609855652,-0.037929974496364594,0.49793124198913574,0.449761301279068,-0.05303847789764404,0.4909500777721405,0.40765634179115295,-0.06334122270345688,0.5528690218925476,0.5800567269325256,-0.02048293873667717,0.527891218662262,0.5490834712982178,-0.06006262078881264,0.5217407941818237,0.607961893081665,-0.07101855427026749,0.5216289758682251,0.6519057750701904,-0.0691966563463211,0.5821678638458252,0.5868575572967529,-0.02825372852385044,0.5576927065849304,0.5577335953712463,-0.06544234603643417,0.5506241917610168,0.6180423498153687,-0.06003725528717041,0.5512155890464783,0.6603742241859436,-0.04580379277467728,0.6130125522613525,0.5976077318191528,-0.03739781305193901,0.5941743850708008,0.5634256601333618,-0.06079520285129547,0.5817323327064514,0.6008861064910889,-0.054205406457185745,0.5773497819900513,0.633865475654602,-0.04256352037191391,0
0,21,1739626085.1935463,0.5856103897094727,0.7336788177490234,-2.033029460335456e-07,0.5418255925178528,0.7122488617897034,-0.01602700911462307,0.5053210258483887,0.6633744835853577,-0.027373773977160454,0.49334874749183655,0.615926206111908,-0.04110877215862274,0.5016069412231445,0.5765340328216553,-0.054556235671043396,0.5241370797157288,0.5776997208595276,-0.015073190443217754,0.5067663788795471,0.4976237416267395,-0.03777704015374184,0.4984118342399597,0.4492805004119873,-0.05289282649755478,0.4917052388191223,0.40718013048171997,-0.06316640973091125,0.5529946684837341,0.5798534750938416,-0.020338736474514008,0.5282490849494934,0.5487174987792969,-0.05995633453130722,0.5216401219367981,0.6069738864898682,-0.07117438316345215,0.5212109088897705,0.6511155366897583,-0.0694512277841568,0.5823092460632324,0.5867851972579956,-0.028050703927874565,0.5582342743873596,0.558381974697113,-0.06524180620908737,0.5508506894111633,0.6177158355712891,-0.06024116277694702,0.5510544776916504,0.6598803400993347,-0.04622641205787659,0.6130545139312744,0.5975572466850281,-0.037161193788051605,0.5949776768684387,0.5632548332214355,-0.0604851096868515,0.5823704600334167,0.5999730229377747,-0.05402220040559769,0.5775269865989685,0.6330196261405945,-0.042435675859451294,0
0,22,1739626085.218734,0.5862360000610352,0.7338271141052246,-2.1005553207942285e-07,0.5424381494522095,0.7124914526939392,-0.01562967337667942,0.5057958364486694,0.6631160974502563,-0.026627250015735626,0.49405205249786377,0.6150878667831421,-0.040071647614240646,0.5022475719451904,0.5765365362167358,-0.05329678952693939,0.5246512293815613,0.5775541067123413,-0.01468726247549057,0.5075448751449585,0.49778833985328674,-0.03706030920147896,0.499058336019516,0.44974321126937866,-0.051988739520311356,0.4920540153980255,0.4077921509742737,-0.06222495436668396,0.5535544753074646,0.5793670415878296,-0.020054761320352554,0.5286040902137756,0.5480809807777405,-0.05924639105796814,0.5219467878341675,0.6064590215682983,-0.07021128386259079,0.5215371251106262,0.6508117318153381,-0.06841065734624863,0.5828763246536255,0.5861735343933105,-0.027836406603455544,0.5585503578186035,0.5576447248458862,-0.06461642682552338,0.5513080954551697,0.6170869469642639,-0.0595264807343483,0.5517153143882751,0.6595298051834106,-0.04558471590280533,0.6137282252311707,0.596932053565979,-0.03700888901948929,0.5953765511512756,0.5628821849822998,-0.06017625331878662,0.5826625227928162,0.5996398329734802,-0.05384035035967827,0.577890932559967,0.6327516436576843,-0.042442794889211655,0
0,23,1739626085.2470748,0.5864160060882568,0.7327818870544434,-2.008519999208147e-07,0.5426259636878967,0.7115535736083984,-0.016538554802536964,0.5057305693626404,0.6632798314094543,-0.028444401919841766,0.4935012757778168,0.6155990362167358,-0.04259398207068443,0.5032231211662292,0.5765783190727234,-0.0564037449657917,0.5244742631912231,0.5769611597061157,-0.015602530911564827,0.5068305730819702,0.4969567060470581,-0.03834209963679314,0.49876055121421814,0.4490172863006592,-0.05344332009553909,0.4927096366882324,0.4070841670036316,-0.06377711892127991,0.5534866452217102,0.5791231989860535,-0.02065589651465416,0.5288615822792053,0.548265278339386,-0.060269225388765335,0.5231391191482544,0.6069945693016052,-0.07117104530334473,0.5237478017807007,0.6508158445358276,-0.06930023431777954,0.5828567743301392,0.586063802242279,-0.028239047154784203,0.5593041777610779,0.5566335320472717,-0.06534267216920853,0.5520710945129395,0.6159207820892334,-0.06012880429625511,0.5525380969047546,0.6579270958900452,-0.04610002785921097,0.613723874092102,0.5970703959465027,-0.037285275757312775,0.5954459309577942,0.5625014901161194,-0.06072109937667847,0.5828680992126465,0.5999227166175842,-0.05440496280789375,0.5782337784767151,0.6334026455879211,-0.042991891503334045,0
0,24,1739626085.2809763,0.5869831442832947,0.733727753162384,-2.1405341499303177e-07,0.542844295501709,0.7120670080184937,-0.015367098152637482,0.5057398676872253,0.6628014445304871,-0.026373039931058884,0.4941789507865906,0.6141638159751892,-0.0399240143597126,0.503915548324585,0.5761133432388306,-0.05334075167775154,0.5252966284751892,0.5774494409561157,-0.014070224016904831,0.5079436302185059,0.49826580286026,-0.036087051033973694,0.49954307079315186,0.45058152079582214,-0.05079997330904007,0.4928169250488281,0.4085550606250763,-0.06101556494832039,0.5541457533836365,0.5789971351623535,-0.019580526277422905,0.5295900702476501,0.547511637210846,-0.05853920057415962,0.5228918194770813,0.6058719754219055,-0.06945573538541794,0.5223826766014099,0.6504296660423279,-0.06770715117454529,0.5833983421325684,0.5857511162757874,-0.027515724301338196,0.5593332052230835,0.5569331049919128,-0.06413929909467697,0.5516833066940308,0.6162973642349243,-0.059314046055078506,0.5516854524612427,0.6591387987136841,-0.04563508555293083,0.6141552925109863,0.5968401432037354,-0.03681764006614685,0.595679759979248,0.56299889087677,-0.059951264411211014,0.58283531665802,0.6000359654426575,-0.053933918476104736,0.5778310894966125,0.6338490843772888,-0.04287295788526535,0
0,25,1739626085.3154404,0.5864132642745972,0.7333354353904724,-2.081377346030422e-07,0.5422856211662292,0.7108428478240967,-0.01559368520975113,0.5057324767112732,0.6619859337806702,-0.02700473926961422,0.49451011419296265,0.6143394708633423,-0.04082265496253967,0.5032134652137756,0.5744967460632324,-0.0544557124376297,0.5254196524620056,0.5764970183372498,-0.014917050488293171,0.5080789923667908,0.49761706590652466,-0.03732628747820854,0.499953031539917,0.44981545209884644,-0.052283987402915955,0.4935764968395233,0.40790244936943054,-0.06253552436828613,0.5545601844787598,0.5783347487449646,-0.020392457023262978,0.530238687992096,0.5477275848388672,-0.05924179404973984,0.5232508778572083,0.6060904264450073,-0.06999295204877853,0.5226986408233643,0.6502818465232849,-0.06825048476457596,0.5839970707893372,0.5854700207710266,-0.0283120758831501,0.5604346990585327,0.5570130348205566,-0.06474017351865768,0.5526905059814453,0.6160576343536377,-0.05944609269499779,0.5528344511985779,0.658286452293396,-0.045600395649671555,0.6150104403495789,0.596898078918457,-0.037618961185216904,0.5965158939361572,0.5625723004341125,-0.06062828004360199,0.5836463570594788,0.5998838543891907,-0.05412689968943596,0.5788200497627258,0.6335915327072144,-0.042717576026916504,0
0,26,1739626085.3483484,0.5865733027458191,0.7325466275215149,-2.1913309922183544e-07,0.5423683524131775,0.7105645537376404,-0.014657547697424889,0.5056970119476318,0.6609926819801331,-0.02526743896305561,0.49561476707458496,0.612365186214447,-0.038348544389009476,0.504465639591217,0.5740618705749512,-0.05129462108016014,0.5257262587547302,0.5761677026748657,-0.014254504814743996,0.5084104537963867,0.497155100107193,-0.03587286174297333,0.5002878904342651,0.4497262239456177,-0.05035201832652092,0.4938257038593292,0.4082116186618805,-0.0603627935051918,0.5548709630966187,0.5783928632736206,-0.019939495250582695,0.5303949117660522,0.5476689338684082,-0.0581200011074543,0.523547351360321,0.6058122515678406,-0.06869252026081085,0.5231760144233704,0.6499882936477661,-0.06692168116569519,0.5842211842536926,0.5854566693305969,-0.02790568582713604,0.5602824687957764,0.5566388368606567,-0.06373012065887451,0.552889347076416,0.6156029105186462,-0.05848325043916702,0.5533874034881592,0.6579287052154541,-0.044796936213970184,0.6151946187019348,0.5963071584701538,-0.03717628866434097,0.5963996648788452,0.5622228384017944,-0.05991199240088463,0.5838397741317749,0.5995703339576721,-0.05347907170653343,0.5794329643249512,0.6331728100776672,-0.04217926412820816,0
0,27,1739626085.3827865,0.5870535969734192,0.7318728566169739,-2.2288439538442617e-07,0.5429439544677734,0.7096192240715027,-0.014616209082305431,0.5061535835266113,0.6599265933036804,-0.02515036053955555,0.49526914954185486,0.6116927266120911,-0.03820231556892395,0.5040988922119141,0.5739827156066895,-0.05111401900649071,0.5264760851860046,0.5749425888061523,-0.01382587943226099,0.5087928771972656,0.4966038465499878,-0.035579029470682144,0.5003331303596497,0.44946980476379395,-0.050126105546951294,0.4936552047729492,0.40813106298446655,-0.06016668304800987,0.5555512309074402,0.5771313309669495,-0.019526539370417595,0.5308933854103088,0.5475785136222839,-0.05797552689909935,0.5242635011672974,0.6062150597572327,-0.06859194487333298,0.5242226719856262,0.6500489115715027,-0.06675185263156891,0.5847803354263306,0.5843372344970703,-0.027552831918001175,0.5606407523155212,0.5567182898521423,-0.06372429430484772,0.5530747771263123,0.6161212921142578,-0.05852026864886284,0.5535265207290649,0.6582130789756775,-0.04471389949321747,0.6154129505157471,0.595556378364563,-0.03686998412013054,0.5967875123023987,0.5621289610862732,-0.0597054585814476,0.5840957164764404,0.5997766852378845,-0.05327411741018295,0.5796343684196472,0.6330554485321045,-0.0419100858271122,0
0,28,1739626085.4153855,0.5871486663818359,0.7315136194229126,-2.1679413464426034e-07,0.5431118011474609,0.7091046571731567,-0.015148217789828777,0.5065122246742249,0.6602311134338379,-0.026148317381739616,0.49537989497184753,0.6125850677490234,-0.03964603319764137,0.5047696232795715,0.5751192569732666,-0.05292408540844917,0.526612401008606,0.5749516487121582,-0.01422168966382742,0.5087321400642395,0.4962603449821472,-0.03626254200935364,0.5003029108047485,0.44916558265686035,-0.05091197043657303,0.49379825592041016,0.4079556465148926,-0.06095239147543907,0.5556553602218628,0.5772720575332642,-0.019792914390563965,0.5310837030410767,0.5473674535751343,-0.058666013181209564,0.52431321144104,0.6060203313827515,-0.06935018301010132,0.5242871046066284,0.6499272584915161,-0.06742862612009048,0.5848855376243591,0.5845701098442078,-0.027771780267357826,0.5610870122909546,0.5563751459121704,-0.06426785886287689,0.5533633232116699,0.6157472133636475,-0.059072498232126236,0.5537395477294922,0.6579078435897827,-0.04513632506132126,0.6155248880386353,0.5958787202835083,-0.03709685429930687,0.597476065158844,0.5621877312660217,-0.0600406788289547,0.5846425890922546,0.5993016958236694,-0.05364145338535309,0.5799478888511658,0.6323200464248657,-0.04223437234759331,0
0,29,1739626085.448641,0.5873614549636841,0.731401801109314,-2.2184225656474155e-07,0.5430598258972168,0.7088485360145569,-0.01472691260278225,0.5063788294792175,0.6597610712051392,-0.025506215170025826,0.4956243336200714,0.6120100021362305,-0.038781069219112396,0.5046544671058655,0.5742096304893494,-0.051858317106962204,0.526942253112793,0.5743763446807861,-0.014120026491582394,0.5090126395225525,0.4961737394332886,-0.035990968346595764,0.5006389617919922,0.44916683435440063,-0.05067139491438866,0.4940290153026581,0.40808022022247314,-0.060781680047512054,0.5559595227241516,0.5768586993217468,-0.019805939868092537,0.5315759778022766,0.5472153425216675,-0.05820755660533905,0.5246292352676392,0.6055813431739807,-0.06885136663913727,0.5242178440093994,0.6492440104484558,-0.06712368875741959,0.5851825475692749,0.5843435525894165,-0.027831414714455605,0.5615302324295044,0.5558502078056335,-0.063861183822155,0.5536699891090393,0.6150774359703064,-0.05861105024814606,0.5538457632064819,0.6571624875068665,-0.04486929625272751,0.615830659866333,0.5959186553955078,-0.03716833516955376,0.5975455045700073,0.5624361634254456,-0.059853408485651016,0.5847122073173523,0.5996807813644409,-0.05339031666517258,0.580098032951355,0.6325964331626892,-0.0420566163957119,0
1,0,1739626109.962254,0.670805037021637,0.6726368069648743,-1.559528328698434e-07,0.6288734674453735,0.6496983766555786,-0.018071679398417473,0.5961477756500244,0.5941907167434692,-0.028728852048516273,0.5919156074523926,0.537767767906189,-0.04063758626580238,0.6127138733863831,0.49910226464271545,-0.05223950743675232,0.6132771372795105,0.5216044187545776,-0.011893309652805328,0.6019819378852844,0.4493299424648285,-0.03286746144294739,0.5978606343269348,0.40281808376312256,-0.047213658690452576,0.5961200594902039,0.36255690455436707,-0.05758558213710785,0.6431324481964111,0.5211300253868103,-0.015571163967251778,0.6321936845779419,0.48159459233283997,-0.05332731083035469,0.6282920241355896,0.5389794111251831,-0.06298141181468964,0.6280896663665771,0.5853896141052246,-0.05983385443687439,0.6733598113059998,0.5293824672698975,-0.02211461402475834,0.664198637008667,0.4891834259033203,-0.05722200497984886,0.6564558744430542,0.5459097027778625,-0.05129752308130264,0.6540732383728027,0.5883581042289734,-0.03701217100024223,0.7042821049690247,0.544758677482605,-0.030293310061097145,0.6951878666877747,0.5095869302749634,-0.05353209003806114,0.6852450370788574,0.5475098490715027,-0.04801107197999954,0.6817165613174438,0.5797811150550842,-0.037422019988298416,1
1,1,1739626110.0271158,0.6696878671646118,0.6717801690101624,-1.342485091981871e-07,0.628093421459198,0.6474639177322388,-0.01850343868136406,0.5969375371932983,0.5939227938652039,-0.0297692958265543,0.5934638977050781,0.5404400825500488,-0.04213941469788551,0.6141583323478699,0.5029916763305664,-0.05396062880754471,0.6142401099205017,0.5192572474479675,-0.01318570040166378,0.6028296947479248,0.44753098487854004,-0.03354107216000557,0.5992811918258667,0.40207940340042114,-0.04731787368655205,0.5979762673377991,0.36265259981155396,-0.05729598179459572,0.6440445780754089,0.5194768309593201,-0.016563454642891884,0.6335632801055908,0.4821910262107849,-0.053600165992975235,0.6287509799003601,0.5395081639289856,-0.06285776197910309,0.627717137336731,0.5856189727783203,-0.059810105711221695,0.6740710139274597,0.5286226868629456,-0.022799557074904442,0.6653872728347778,0.4900558888912201,-0.05756059288978577,0.6562414169311523,0.5458128452301025,-0.05221560224890709,0.652716338634491,0.5885356664657593,-0.03863633796572685,0.7047587037086487,0.5454651713371277,-0.030663901939988136,0.6970294117927551,0.5097584128379822,-0.05414219945669174,0.6854948997497559,0.547264575958252,-0.04919523373246193,0.6798626780509949,0.5810232162475586,-0.039077430963516235,1
1,2,1739626110.0907793,0.6698721051216125,0.6713260412216187,-1.371301436847716e-07,0.6283966302871704,0.6477480530738831,-0.019320810213685036,0.5969396233558655,0.5945971608161926,-0.030769847333431244,0.5942466855049133,0.5401248931884766,-0.043056685477495193,0.6152005791664124,0.502106249332428,-0.054733406752347946,0.6136674880981445,0.5190860033035278,-0.013686001300811768,0.6026211977005005,0.446941614151001,-0.033692240715026855,0.5992167592048645,0.40155717730522156,-0.04726942628622055,0.5981388092041016,0.36194539070129395,-0.0572027824819088,0.6438241004943848,0.5189674496650696,-0.016340922564268112,0.6346943378448486,0.4831859767436981,-0.0529334656894207,0.6299651265144348,0.5405367612838745,-0.06203095614910126,0.6287571787834167,0.5862221717834473,-0.05909567326307297,0.6738527417182922,0.5278333425521851,-0.021886363625526428,0.6663069725036621,0.4898073673248291,-0.0563458614051342,0.6567699909210205,0.5456570386886597,-0.05095981806516647,0.6528868079185486,0.5884022116661072,-0.03757878765463829,0.7042546272277832,0.5443860292434692,-0.029116053134202957,0.6969776153564453,0.5098733901977539,-0.05280269682407379,0.6855862140655518,0.5476288795471191,-0.04811370372772217,0.6800605654716492,0.5812524557113647,-0.03818204626441002,1
1,3,1739626110.153696,0.6699114441871643,0.6731204390525818,-1.3402635090642434e-07,0.6291302442550659,0.6489381790161133,-0.019645802676677704,0.5974951386451721,0.5963407158851624,-0.03159124404191971,0.5933098793029785,0.542221188545227,-0.0444440059363842,0.6140313148498535,0.5036893486976624,-0.056613922119140625,0.6137116551399231,0.5206173062324524,-0.014216129668056965,0.6025906801223755,0.44828110933303833,-0.034777916967868805,0.5990017056465149,0.402565062046051,-0.04873713478446007,0.5977703928947449,0.3628144860267639,-0.0588979534804821,0.6436458826065063,0.5205108523368835,-0.016984973102808,0.6342263221740723,0.4839525818824768,-0.0539756640791893,0.6295574307441711,0.5406305193901062,-0.0632321909070015,0.6284304857254028,0.5864846110343933,-0.06039636209607124,0.6737038493156433,0.5295251607894897,-0.022707128897309303,0.6660653352737427,0.4907588064670563,-0.057317446917295456,0.656991183757782,0.5459057092666626,-0.051877979189157486,0.653323769569397,0.5885988473892212,-0.038451988250017166,0.7042074799537659,0.5462413430213928,-0.03019125387072563,0.6972683668136597,0.5103809237480164,-0.05376782268285751,0.6856054067611694,0.5471085906028748,-0.04903995990753174,0.6794967651367188,0.5809600353240967,-0.03913775086402893,1
1,4,1739626110.2005951,0.6689833402633667,0.6724683046340942,-1.409086962667061e-07,0.6278260946273804,0.6484350562095642,-0.019327694550156593,0.5953624844551086,0.5961297750473022,-0.030699195340275764,0.591254711151123,0.5419943332672119,-0.04283973202109337,0.61131352186203,0.5037094950675964,-0.054198164492845535,0.6111332178115845,0.5194538831710815,-0.0136337261646986,0.6001706123352051,0.4480348229408264,-0.033336471766233444,0.5963060259819031,0.40318650007247925,-0.046568479388952255,0.5946787595748901,0.36378729343414307,-0.05631568655371666,0.640917956829071,0.5187752842903137,-0.016123056411743164,0.6312016844749451,0.4826246201992035,-0.052036769688129425,0.6264060735702515,0.5402986407279968,-0.0607302300632,0.6251384019851685,0.5855876207351685,-0.05776448920369148,0.6709092259407043,0.5270394086837769,-0.02151649072766304,0.6630541682243347,0.4889884889125824,-0.05560548976063728,0.6533442735671997,0.545252799987793,-0.05019384250044823,0.6493657827377319,0.5879589319229126,-0.03700047358870506,0.7015805244445801,0.5432580709457397,-0.028587568551301956,0.6942044496536255,0.5093626379966736,-0.052075281739234924,0.6823925375938416,0.5471934080123901,-0.04759557545185089,0.6763933897018433,0.5806546211242676,-0.03795827925205231,1
1,5,1739626110.2497687,0.6687007546424866,0.672835111618042,-1.3581878022250748e-07,0.627597987651825,0.649472177028656,-0.020042365416884422,0.5952634215354919,0.5971559286117554,-0.03207169845700264,0.5899125933647156,0.5431234240531921,-0.044928982853889465,0.6094305515289307,0.5032056570053101,-0.05708339065313339,0.6110811829566956,0.5192930698394775,-0.013727142475545406,0.6001021265983582,0.44808587431907654,-0.03422246500849724,0.5962761044502258,0.4026144742965698,-0.04815373197197914,0.5947125554084778,0.36309754848480225,-0.05827976390719414,0.6409895420074463,0.5184046626091003,-0.016309674829244614,0.6303022503852844,0.48243093490600586,-0.05319195240736008,0.625365674495697,0.5396741628646851,-0.062486954033374786,0.6243731379508972,0.5853190422058105,-0.05967272073030472,0.6710353493690491,0.5269709229469299,-0.021959573030471802,0.6618999242782593,0.4889701008796692,-0.05666783079504967,0.6522456407546997,0.5446373820304871,-0.0515463724732399,0.6485048532485962,0.5873407125473022,-0.03834494948387146,0.7016971111297607,0.5435752868652344,-0.029374687001109123,0.6930665969848633,0.5086002945899963,-0.05314352735877037,0.6811423897743225,0.5463014245033264,-0.04867175966501236,0.6753167510032654,0.5804443955421448,-0.03894149139523506,1
1,6,1739626110.2956018,0.6687591075897217,0.6722902059555054,-1.348567053582883e-07,0.6271770596504211,0.6488439440727234,-0.019898731261491776,0.5947964787483215,0.596643328666687,-0.03182671591639519,0.5893064141273499,0.5425782799720764,-0.04458947852253914,0.6097676157951355,0.5032285451889038,-0.056566834449768066,0.6110178828239441,0.519486665725708,-0.013295087963342667,0.5998291969299316,0.4477214217185974,-0.03367789834737778,0.5958762168884277,0.4024960994720459,-0.04741892218589783,0.5942944288253784,0.36307355761528015,-0.05735062435269356,0.6406195163726807,0.5188766121864319,-0.015719367191195488,0.6302652359008789,0.4821993112564087,-0.052457910031080246,0.6257365345954895,0.5393585562705994,-0.06157383322715759,0.6250527501106262,0.5845324397087097,-0.05856599286198616,0.6703991889953613,0.5269489288330078,-0.021199911832809448,0.6614734530448914,0.4881390929222107,-0.055785588920116425,0.6522700786590576,0.5440718531608582,-0.050479017198085785,0.6491174697875977,0.5866122841835022,-0.03704891353845596,0.700937032699585,0.5427631139755249,-0.02843751199543476,0.692400336265564,0.507860004901886,-0.051978643983602524,0.6811028718948364,0.5457134246826172,-0.04737322777509689,0.6760700345039368,0.5794889330863953,-0.037486542016267776,1
1,7,1739626110.3448234,0.6680991053581238,0.6713806986808777,-1.415123875858626e-07,0.6267501711845398,0.6482345461845398,-0.018912669271230698,0.5943236947059631,0.5953928828239441,-0.030099764466285706,0.5889196991920471,0.5411807894706726,-0.0422070287168026,0.6081519722938538,0.5019388198852539,-0.053621016442775726,0.6098223924636841,0.5187390446662903,-0.012862653471529484,0.5990872383117676,0.4474695026874542,-0.0327373743057251,0.5953766703605652,0.4024232029914856,-0.04620067775249481,0.5937013626098633,0.36308184266090393,-0.056024570018053055,0.6396839022636414,0.5183312892913818,-0.015582296997308731,0.6291185617446899,0.48149314522743225,-0.051473118364810944,0.6249035000801086,0.5386368036270142,-0.06032312661409378,0.6243012547492981,0.5837380290031433,-0.057397883385419846,0.6698269844055176,0.5266057848930359,-0.021194590255618095,0.6605243682861328,0.48748779296875,-0.05497452989220619,0.6516866087913513,0.5436753034591675,-0.04934340715408325,0.6486762762069702,0.5861587524414062,-0.03599683567881584,0.7007549405097961,0.5425430536270142,-0.028477206826210022,0.6920550465583801,0.5070884823799133,-0.05141463503241539,0.6806948781013489,0.5449206829071045,-0.046485692262649536,0.6755804419517517,0.5785426497459412,-0.03658650815486908,1
1,8,1739626110.4227302,0.6671404838562012,0.6700662970542908,-1.63729808377866e-07,0.6255044341087341,0.6461893916130066,-0.017173316329717636,0.5939808487892151,0.5908472537994385,-0.026749856770038605,0.5867497324943542,0.5370136499404907,-0.03740844875574112,0.5970870852470398,0.49466562271118164,-0.04748891294002533,0.609045147895813,0.5171993970870972,-0.01229931227862835,0.5982745885848999,0.4466850757598877,-0.03193631023168564,0.5942089557647705,0.4024623930454254,-0.04512546956539154,0.5921993851661682,0.3636072874069214,-0.05466185882687569,0.6391214728355408,0.5172118544578552,-0.015524853020906448,0.626841127872467,0.4813072681427002,-0.050585873425006866,0.622579038143158,0.5376270413398743,-0.059229958802461624,0.621587872505188,0.5821863412857056,-0.056557897478342056,0.6698601841926575,0.5261267423629761,-0.021416451781988144,0.6594809293746948,0.4889075756072998,-0.05469371750950813,0.6515253782272339,0.5452327728271484,-0.04876168072223663,0.6483890414237976,0.5874534249305725,-0.035465795546770096,0.701090395450592,0.5426710844039917,-0.028803348541259766,0.6919138431549072,0.5071831941604614,-0.05189449340105057,0.6801181435585022,0.5453226566314697,-0.04684809595346451,0.6740065813064575,0.5792210698127747,-0.036887891590595245,1
1,9,1739626110.4573894,0.666641354560852,0.6710324287414551,-1.8235388665743812e-07,0.6233195662498474,0.6440820097923279,-0.013576234690845013,0.5901830792427063,0.5852724313735962,-0.020555702969431877,0.5794631242752075,0.5336712002754211,-0.029049277305603027,0.5834183096885681,0.49303075671195984,-0.03717753291130066,0.6075305342674255,0.515808641910553,-0.009457201696932316,0.5989986658096313,0.4467606544494629,-0.02755250595510006,0.5951921939849854,0.40355411171913147,-0.03999042510986328,0.5923269987106323,0.36571836471557617,-0.04904360696673393,0.6381974220275879,0.5173924565315247,-0.013862136751413345,0.6277790665626526,0.48339104652404785,-0.046541906893253326,0.6231101751327515,0.5384107232093811,-0.05444871634244919,0.621092677116394,0.5818215012550354,-0.05179890990257263,0.6691782474517822,0.5268727540969849,-0.020555898547172546,0.6599738597869873,0.49063849449157715,-0.051821108907461166,0.6515181064605713,0.5467904806137085,-0.045264918357133865,0.647517204284668,0.5885342359542847,-0.03206172212958336,0.7005308866500854,0.543804407119751,-0.028387151658535004,0.69159996509552,0.5087718367576599,-0.049754321575164795,0.6793323159217834,0.5467732548713684,-0.043479397892951965,0.6730332374572754,0.5799718499183655,-0.032924458384513855,1
1,10,1739626110.5048196,0.6646327972412109,0.6713791489601135,-1.2794163239959744e-07,0.6177275776863098,0.6485491991043091,-0.016518473625183105,0.5736997127532959,0.5945586562156677,-0.02567879855632782,0.542026937007904,0.5547986626625061,-0.03605550527572632,0.5124415159225464,0.5340468287467957,-0.04675079882144928,0.6077880263328552,0.5161053538322449,-0.012861711904406548,0.5995256900787354,0.4425179958343506,-0.03039393573999405,0.5969884395599365,0.3984803557395935,-0.04187578707933426,0.5959144234657288,0.36030182242393494,-0.05051874741911888,0.6383664608001709,0.5183394551277161,-0.01693730801343918,0.6257201433181763,0.4853358268737793,-0.05163063853979111,0.622612476348877,0.5457349419593811,-0.05987680330872536,0.6251533031463623,0.5909208655357361,-0.056977275758981705,0.6692135334014893,0.5289196968078613,-0.023461252450942993,0.6600676774978638,0.4941009283065796,-0.057101406157016754,0.6526181101799011,0.5510482788085938,-0.05141475796699524,0.6510690450668335,0.593132495880127,-0.03812207654118538,0.700727641582489,0.5459892153739929,-0.031148206442594528,0.6923063397407532,0.5115771293640137,-0.05349062755703926,0.6804348230361938,0.5484510064125061,-0.04771154373884201,0.675376832485199,0.5803551077842712,-0.03740736097097397,1
1,11,1739626110.56762,0.6658710837364197,0.6724318265914917,-1.8510785082526127e-07,0.6180768013000488,0.6487541794776917,-0.013935288414359093,0.5717670917510986,0.597071647644043,-0.02137693762779236,0.5384835600852966,0.5613052248954773,-0.030533893033862114,0.5101966261863708,0.5426218509674072,-0.03999365121126175,0.6085506677627563,0.515746533870697,-0.009527290239930153,0.6003026366233826,0.4439344108104706,-0.02677159011363983,0.59697026014328,0.3998361825942993,-0.03792472183704376,0.5944322347640991,0.3628910481929779,-0.04629484936594963,0.6389385461807251,0.5174857378005981,-0.014518427662551403,0.6257218718528748,0.4864603877067566,-0.049461472779512405,0.6227931976318359,0.5462201237678528,-0.057705968618392944,0.6240103244781494,0.5919592380523682,-0.05450912564992905,0.6701202392578125,0.528258204460144,-0.02195141464471817,0.6605107188224792,0.4974968433380127,-0.05605422705411911,0.6529815793037415,0.5548748970031738,-0.050756342709064484,0.6504742503166199,0.5966002345085144,-0.03736387565732002,0.7022766470909119,0.545356810092926,-0.030312515795230865,0.6941531896591187,0.5148649215698242,-0.05262189731001854,0.6817265152931213,0.5508617162704468,-0.047367021441459656,0.6757333874702454,0.5803914070129395,-0.03747877478599548,1
1,12,1739626110.6411495,0.6655252575874329,0.6727787256240845,-1.7776788752144057e-07,0.6170878410339355,0.6504461169242859,-0.014325124211609364,0.5698927640914917,0.599572479724884,-0.02237880416214466,0.5356504917144775,0.5647081136703491,-0.03194534406065941,0.5064359307289124,0.5487684011459351,-0.041950225830078125,0.6081417202949524,0.5164703130722046,-0.011745779775083065,0.6004326343536377,0.4442424476146698,-0.029492400586605072,0.5970908999443054,0.39986276626586914,-0.041077904403209686,0.5945324301719666,0.362457275390625,-0.04981314390897751,0.6389102935791016,0.5187715888023376,-0.016575785353779793,0.6263007521629333,0.48719871044158936,-0.05141012743115425,0.62315434217453,0.547282338142395,-0.05942009761929512,0.624172568321228,0.5925565958023071,-0.056362904608249664,0.6703344583511353,0.5300054550170898,-0.02374887652695179,0.6616243124008179,0.49734264612197876,-0.058009158819913864,0.6537935137748718,0.5550219416618347,-0.05233575776219368,0.6510056853294373,0.5967284440994263,-0.038852475583553314,0.7025277614593506,0.5474036931991577,-0.031823646277189255,0.6956770420074463,0.5127324461936951,-0.05449686199426651,0.6826115250587463,0.5493388772010803,-0.048822540789842606,0.675794780254364,0.5801229476928711,-0.038680486381053925,1
1,13,1739626110.7098334,0.6639073491096497,0.6725976467132568,-1.2543289074073982e-07,0.6136268973350525,0.6528789401054382,-0.016851117834448814,0.5653471350669861,0.6087508201599121,-0.028034048154950142,0.5282037258148193,0.5794317722320557,-0.0404549241065979,0.49732592701911926,0.5641600489616394,-0.053153347223997116,0.6064061522483826,0.5160754323005676,-0.015031382441520691,0.5986558794975281,0.443037748336792,-0.03394462168216705,0.5950387120246887,0.3974459171295166,-0.046815596520900726,0.5921981334686279,0.359231173992157,-0.05652179941534996,0.6378711462020874,0.5182969570159912,-0.0193607397377491,0.6270616054534912,0.48604440689086914,-0.05539342015981674,0.6238253712654114,0.5466298460960388,-0.06413959711790085,0.6242350339889526,0.5920805931091309,-0.06159389019012451,0.6697022914886475,0.5306121110916138,-0.02614729478955269,0.6626521348953247,0.49832767248153687,-0.06076803058385849,0.6546139121055603,0.5557547211647034,-0.05487263947725296,0.6507991552352905,0.5971439480781555,-0.041364073753356934,0.7015475034713745,0.5494934320449829,-0.03409639745950699,0.6965813040733337,0.5146021246910095,-0.056118205189704895,0.6827563047409058,0.550578773021698,-0.04959877207875252,0.6744296550750732,0.5805228352546692,-0.03897290304303169,1
1,14,1739626110.7649825,0.6639744639396667,0.6744512319564819,-1.2601867638295516e-07,0.6139126420021057,0.6543030738830566,-0.017204880714416504,0.5660451054573059,0.6097857356071472,-0.028702866286039352,0.5290818214416504,0.579997718334198,-0.041502103209495544,0.49749556183815,0.5641292333602905,-0.05474378913640976,0.6056873202323914,0.5164315700531006,-0.01561976782977581,0.5979282259941101,0.44376030564308167,-0.03437095880508423,0.5946033596992493,0.39821359515190125,-0.047248996794223785,0.5920463800430298,0.3598446249961853,-0.05712765455245972,0.6371989846229553,0.518491268157959,-0.020109690725803375,0.6281206607818604,0.4854632318019867,-0.05633777379989624,0.6237844824790955,0.5451433658599854,-0.06583427637815475,0.6229953169822693,0.5915219783782959,-0.06389503926038742,0.6692518591880798,0.5305920839309692,-0.02701299637556076,0.663251519203186,0.4995463490486145,-0.061729174107313156,0.6543341279029846,0.5567442178726196,-0.056695640087127686,0.6497093439102173,0.5987908840179443,-0.04390959069132805,0.7012055516242981,0.5491445064544678,-0.035092659294605255,0.6963770389556885,0.5158038139343262,-0.05730602890253067,0.6829776763916016,0.5516172647476196,-0.051387593150138855,0.6750337481498718,0.5816442966461182,-0.041279979050159454,1
1,15,1739626110.8133147,0.6640674471855164,0.6748436093330383,-1.2996662235309486e-07,0.6141846179962158,0.6549444794654846,-0.017294177785515785,0.5664020776748657,0.6098850965499878,-0.028856618329882622,0.5295438766479492,0.5800939798355103,-0.04170724377036095,0.497234582901001,0.5649474263191223,-0.054990220814943314,0.6056891679763794,0.515861451625824,-0.01569635048508644,0.5977513194084167,0.44324806332588196,-0.034092605113983154,0.594351589679718,0.39795219898223877,-0.046654991805553436,0.5916019678115845,0.3598174452781677,-0.05637193098664284,0.6373019218444824,0.5177790522575378,-0.020147578790783882,0.6284430623054504,0.4856536090373993,-0.05620632320642471,0.6242160201072693,0.5456364750862122,-0.06552939862012863,0.6233415007591248,0.5922207236289978,-0.06352422386407852,0.6693589091300964,0.529883086681366,-0.027002863585948944,0.6634191870689392,0.49942412972450256,-0.061644043773412704,0.6544196009635925,0.5566731095314026,-0.05664278566837311,0.6497015357017517,0.5988637804985046,-0.04394589737057686,0.7013312578201294,0.5485098361968994,-0.035030439496040344,0.6966883540153503,0.5152038931846619,-0.05734274908900261,0.6829334497451782,0.5513496398925781,-0.05151611566543579,0.6742643117904663,0.5820567011833191,-0.041491370648145676,1
1,16,1739626110.8438587,0.6635822057723999,0.6748541593551636,-1.3389680475484056e-07,0.6139203310012817,0.654863178730011,-0.017241375520825386,0.5663019418716431,0.6097709536552429,-0.028689339756965637,0.529654860496521,0.5800938606262207,-0.04142163321375847,0.4976317882537842,0.5650231838226318,-0.05455457791686058,0.6056745052337646,0.51554274559021,-0.015568728558719158,0.598007321357727,0.44346362352371216,-0.033971190452575684,0.5945241451263428,0.39826256036758423,-0.04657968506217003,0.5916522145271301,0.3602018356323242,-0.05630511790513992,0.6372344493865967,0.5176301598548889,-0.019994031637907028,0.6284328699111938,0.48563438653945923,-0.05586196854710579,0.6240471601486206,0.5453649163246155,-0.06515859812498093,0.6229276657104492,0.591923713684082,-0.06314780563116074,0.6691696643829346,0.5298635959625244,-0.026817480102181435,0.6632513403892517,0.49967387318611145,-0.06124216690659523,0.6542271375656128,0.5568855404853821,-0.05621325224637985,0.649458110332489,0.5990251302719116,-0.04349749535322189,0.7010855674743652,0.5486064553260803,-0.034833066165447235,0.6966620087623596,0.5157129168510437,-0.056902140378952026,0.6826920509338379,0.5515058040618896,-0.05104244127869606,0.6737029552459717,0.5819043517112732,-0.04100922867655754,1
1,17,1739626110.9079924,0.6639140248298645,0.6755093336105347,-1.3603336412870703e-07,0.6136995553970337,0.6552631258964539,-0.016888627782464027,0.5660296678543091,0.6101769804954529,-0.028223035857081413,0.5293979644775391,0.5800887942314148,-0.04092038422822952,0.4974744915962219,0.5647134184837341,-0.05401849374175072,0.6055514812469482,0.5161094069480896,-0.015260317362844944,0.5978323817253113,0.4439948797225952,-0.03375580906867981,0.594191312789917,0.3988748788833618,-0.04647710919380188,0.5911504030227661,0.3608943223953247,-0.05623741075396538,0.6369853019714355,0.5183359980583191,-0.019776394590735435,0.6277977228164673,0.48587873578071594,-0.05554905906319618,0.6236759424209595,0.5453891158103943,-0.06484378129243851,0.6228229403495789,0.5919286608695984,-0.06285722553730011,0.6689068078994751,0.530513346195221,-0.026676103472709656,0.6625701189041138,0.4998702108860016,-0.0610242560505867,0.6536605954170227,0.5570628046989441,-0.05598774924874306,0.6489887833595276,0.5994006395339966,-0.04327435418963432,0.7008090615272522,0.5491840839385986,-0.0347469337284565,0.6964325904846191,0.5152053236961365,-0.05684863030910492,0.6821689605712891,0.5509938597679138,-0.05098927393555641,0.672756016254425,0.582023561000824,-0.04094552993774414,1
1,18,1739626110.9556868,0.6630203127861023,0.6788524389266968,-1.42821392046244e-07,0.6132174730300903,0.6576003432273865,-0.016761114820837975,0.5657002925872803,0.6120750308036804,-0.02795555628836155,0.5293306112289429,0.5813641548156738,-0.04057732969522476,0.4978846311569214,0.5648778676986694,-0.05356582999229431,0.6055790185928345,0.5192099213600159,-0.014841618947684765,0.5977125763893127,0.44763877987861633,-0.03325827419757843,0.5934231877326965,0.40249723196029663,-0.04585426673293114,0.589928150177002,0.36473941802978516,-0.05545666068792343,0.6366345286369324,0.5211737751960754,-0.019463270902633667,0.6270621418952942,0.48757344484329224,-0.054741159081459045,0.622843325138092,0.545844316482544,-0.06382622569799423,0.6223917007446289,0.592110812664032,-0.061737533658742905,0.6682795286178589,0.5330117344856262,-0.026514559984207153,0.6615563631057739,0.5018413066864014,-0.06021130457520485,0.6528082489967346,0.5579863786697388,-0.054990485310554504,0.6489084362983704,0.5999138951301575,-0.04225737601518631,0.7001875638961792,0.5514828562736511,-0.0348062627017498,0.6955480575561523,0.5163822174072266,-0.05613420158624649,0.6814157962799072,0.5510509014129639,-0.050039149820804596,0.6727715134620667,0.5817024111747742,-0.039973367005586624,1
1,19,1739626111.0029948,0.6637970805168152,0.6785780787467957,-1.322551526072857e-07,0.6148979067802429,0.6570829153060913,-0.01824340410530567,0.5674839615821838,0.6121746301651001,-0.030631540343165398,0.5304564237594604,0.5806063413619995,-0.044176243245601654,0.49958211183547974,0.560983419418335,-0.0578836165368557,0.6052142977714539,0.5192078351974487,-0.016432814300060272,0.597257673740387,0.4468553066253662,-0.035545218735933304,0.5933524370193481,0.4024134874343872,-0.04851183667778969,0.5900312066078186,0.36453598737716675,-0.058397721499204636,0.6364634037017822,0.5214729309082031,-0.020447561517357826,0.6269484162330627,0.48763585090637207,-0.05668289586901665,0.6232975125312805,0.5474342107772827,-0.06586652249097824,0.6225930452346802,0.5935843586921692,-0.06378553807735443,0.668311357498169,0.5331293344497681,-0.02702636644244194,0.6618706583976746,0.4996531307697296,-0.06172608584165573,0.6535469889640808,0.5567586421966553,-0.056221380829811096,0.6492191553115845,0.5992687940597534,-0.04316778853535652,0.700310230255127,0.5511956214904785,-0.03491497412323952,0.6948326230049133,0.5153493285179138,-0.05745796114206314,0.6812582612037659,0.5519376993179321,-0.05151176080107689,0.6726074814796448,0.5837047696113586,-0.0413333922624588,1
1,20,1739626111.0659683,0.6624825596809387,0.6784641742706299,-1.7879865765735303e-07,0.6138350963592529,0.6569551825523376,-0.015386383980512619,0.5675826072692871,0.6100835800170898,-0.025154173374176025,0.5352143049240112,0.5750359892845154,-0.03654075041413307,0.5091544389724731,0.5486252903938293,-0.047958821058273315,0.6045429706573486,0.5195046663284302,-0.012164256535470486,0.5961136221885681,0.4471670985221863,-0.030082864686846733,0.5920953154563904,0.40304115414619446,-0.041982874274253845,0.5886009335517883,0.36588650941848755,-0.050922468304634094,0.6354511976242065,0.521887481212616,-0.01691594533622265,0.6239336729049683,0.4895954132080078,-0.05156859755516052,0.6211023926734924,0.5490717887878418,-0.06007518991827965,0.621307373046875,0.5944762825965881,-0.057646751403808594,0.6671097278594971,0.5327501893043518,-0.024163059890270233,0.6587839126586914,0.49938276410102844,-0.0575404092669487,0.6512406468391418,0.5561048984527588,-0.0516069233417511,0.6480859518051147,0.5978458523750305,-0.03840228170156479,0.6995144486427307,0.5500115752220154,-0.03253526613116264,0.6923901438713074,0.5136853456497192,-0.0542827732861042,0.6790779232978821,0.5494517087936401,-0.048161327838897705,0.6713161468505859,0.5805283188819885,-0.03785886615514755,1
1,21,1739626111.1086988,0.6628615856170654,0.6752427220344543,-2.0832831637562776e-07,0.6138132810592651,0.6546465158462524,-0.012183211743831635,0.5698345303535461,0.6101966500282288,-0.020185034722089767,0.5439108610153198,0.5732720494270325,-0.030550476163625717,0.5330096483230591,0.5390369296073914,-0.040738411247730255,0.6050614714622498,0.5226678848266602,-0.008684179745614529,0.594832718372345,0.44973355531692505,-0.027424870058894157,0.5895535349845886,0.40603119134902954,-0.039854153990745544,0.585948646068573,0.36927878856658936,-0.04851580411195755,0.6346786022186279,0.5250566005706787,-0.01453879103064537,0.6198464632034302,0.49008095264434814,-0.04923049360513687,0.6172428131103516,0.5478765964508057,-0.05744072049856186,0.6196135878562927,0.5928736329078674,-0.05421316996216774,0.6654245257377625,0.5337603688240051,-0.022829324007034302,0.6542872786521912,0.4990706741809845,-0.05565311014652252,0.6472005248069763,0.5559301972389221,-0.048961956053972244,0.6465028524398804,0.5978909730911255,-0.03463132306933403,0.6976233720779419,0.5482829213142395,-0.03215188905596733,0.6884210705757141,0.5119656324386597,-0.052757132798433304,0.675736665725708,0.5471330285072327,-0.045834459364414215,0.6704915165901184,0.577636182308197,-0.034619592130184174,1
1,22,1739626111.1574233,0.6626551747322083,0.673336386680603,-1.8235212451145344e-07,0.6144537925720215,0.6526365280151367,-0.013018648140132427,0.5730827450752258,0.6078548431396484,-0.022720396518707275,0.5531527996063232,0.5641881823539734,-0.0346267893910408,0.562653660774231,0.5294113755226135,-0.04610026255249977,0.6036500930786133,0.5231242179870605,-0.010229036211967468,0.5927156209945679,0.4492046535015106,-0.03156073018908501,0.58693528175354,0.4050908386707306,-0.046540625393390656,0.5836086869239807,0.36787840723991394,-0.056930311024188995,0.6335413455963135,0.5263581871986389,-0.01596171222627163,0.6187870502471924,0.49013006687164307,-0.052939802408218384,0.6153295636177063,0.5474613904953003,-0.06254423409700394,0.6168546676635742,0.5933704376220703,-0.05988451465964317,0.6642383337020874,0.5347575545310974,-0.024129096418619156,0.6521495580673218,0.497917115688324,-0.05840020999312401,0.6453080177307129,0.5547094941139221,-0.051916178315877914,0.6447277665138245,0.5979546308517456,-0.03726111724972725,0.6960180997848511,0.5483376383781433,-0.0334356315433979,0.685575544834137,0.511858344078064,-0.054692525416612625,0.6736593246459961,0.5476300120353699,-0.04752998426556587,0.669326663017273,0.579171895980835,-0.03584333136677742,1
1,23,1739626111.2041068,0.6641806960105896,0.6750520467758179,-1.837608323285167e-07,0.6173851490020752,0.6514652967453003,-0.01487475074827671,0.5784609913825989,0.6018317937850952,-0.02488965541124344,0.5716696977615356,0.5450503826141357,-0.03710034489631653,0.6015874147415161,0.5157655477523804,-0.04919782280921936,0.6059650182723999,0.5269196033477783,-0.009587597101926804,0.5924398303031921,0.4509374499320984,-0.029246704652905464,0.5858410596847534,0.40669384598731995,-0.04304436221718788,0.581640362739563,0.3678176999092102,-0.05332471802830696,0.6349587440490723,0.5275224447250366,-0.014314373023808002,0.6206815242767334,0.48966577649116516,-0.05057741329073906,0.6171287894248962,0.547635555267334,-0.05979576334357262,0.6192411780357361,0.5932944416999817,-0.05674394220113754,0.663335382938385,0.5332908630371094,-0.021580398082733154,0.6495938897132874,0.49388301372528076,-0.054409172385931015,0.6419353485107422,0.5503705143928528,-0.04810630530118942,0.6427206993103027,0.5941950678825378,-0.03373664617538452,0.6934300661087036,0.544915497303009,-0.030428817495703697,0.6802769899368286,0.5062072277069092,-0.050726018846035004,0.6694089770317078,0.5421831011772156,-0.04430713504552841,0.6678304672241211,0.5765286087989807,-0.03339400142431259,1
1,24,1739626111.2837799,0.6640839576721191,0.67485111951828,-1.7168513011256437e-07,0.6182762384414673,0.6527648568153381,-0.014386334456503391,0.579842209815979,0.6031232476234436,-0.02382664568722248,0.5725628137588501,0.546597421169281,-0.03520936518907547,0.6006842255592346,0.5171464681625366,-0.04633989557623863,0.6050547957420349,0.5261222720146179,-0.010253095999360085,0.5917826294898987,0.4501098394393921,-0.029275620356202126,0.5857471227645874,0.40610578656196594,-0.04232041537761688,0.5823599696159363,0.3676248788833618,-0.0520942360162735,0.634212076663971,0.5279679894447327,-0.014658446423709393,0.6213522553443909,0.4889494776725769,-0.049813613295555115,0.6176443696022034,0.5465807318687439,-0.05832225829362869,0.618682324886322,0.5918868780136108,-0.055198922753334045,0.6628651022911072,0.5351061820983887,-0.021438471972942352,0.6503169536590576,0.49395278096199036,-0.05312582105398178,0.6429043412208557,0.5499661564826965,-0.046864915639162064,0.6426712870597839,0.593131422996521,-0.033112842589616776,0.6929144263267517,0.5483689308166504,-0.02968551777303219,0.680752694606781,0.5104708075523376,-0.04973091185092926,0.6703087091445923,0.546261727809906,-0.04389249533414841,0.6682616472244263,0.5795482397079468,-0.03365521878004074,1
1,25,1739626111.314551,0.6651126146316528,0.6760850548744202,-1.708084056417647e-07,0.6197234988212585,0.6534779667854309,-0.014844074845314026,0.5812371373176575,0.6039919257164001,-0.02473745495080948,0.5729641318321228,0.5473906993865967,-0.03669048100709915,0.6008225679397583,0.5161394476890564,-0.048452913761138916,0.6053286790847778,0.52701336145401,-0.009922929108142853,0.5918827056884766,0.451016902923584,-0.029211819171905518,0.5857088565826416,0.4066886305809021,-0.04244787618517876,0.5822760462760925,0.3677457869052887,-0.05232275277376175,0.6344890594482422,0.5281829237937927,-0.014430894516408443,0.6212731003761292,0.4894675314426422,-0.05026364326477051,0.6175307035446167,0.5472753643989563,-0.059160251170396805,0.6188150644302368,0.5928367972373962,-0.056078922003507614,0.6632347106933594,0.5349881052970886,-0.021427856758236885,0.6506035923957825,0.493832528591156,-0.05377031862735748,0.6430513858795166,0.5496808290481567,-0.04783480986952782,0.6428970694541931,0.5930036306381226,-0.03408721461892128,0.6934846043586731,0.5477789640426636,-0.02991493046283722,0.6809226870536804,0.5096715092658997,-0.05031256005167961,0.6704503297805786,0.5456997156143188,-0.04454639181494713,0.6684596538543701,0.5796874761581421,-0.03423406556248665,1
1,26,1739626111.365681,0.6641678214073181,0.6756784319877625,-1.708829131530365e-07,0.6188578009605408,0.6524324417114258,-0.01419296208769083,0.5811334848403931,0.6035341024398804,-0.02386309579014778,0.574059784412384,0.5480865240097046,-0.035684265196323395,0.6010394096374512,0.5178654789924622,-0.04735247418284416,0.6054468750953674,0.5272195339202881,-0.010160665959119797,0.5921291708946228,0.45156189799308777,-0.029202211648225784,0.586158275604248,0.40765631198883057,-0.04236283153295517,0.582726001739502,0.3686071038246155,-0.05223195627331734,0.634413480758667,0.5287588834762573,-0.01481300313025713,0.6218543648719788,0.48984450101852417,-0.050031013786792755,0.6180393099784851,0.5478641390800476,-0.05872676521539688,0.6191292405128479,0.5934774875640869,-0.055790629237890244,0.662881076335907,0.5355156064033508,-0.021839439868927002,0.6508604884147644,0.49429088830947876,-0.053422752767801285,0.643050491809845,0.5501548647880554,-0.04732278734445572,0.6427651643753052,0.5936963558197021,-0.033776622265577316,0.6929208636283875,0.5481039881706238,-0.03033478558063507,0.6813800930976868,0.5094931721687317,-0.05017086863517761,0.6704321503639221,0.5451576113700867,-0.044302571564912796,0.6678479909896851,0.5793188214302063,-0.03412924334406853,1
1,27,1739626111.398135,0.6638014316558838,0.6746418476104736,-1.689002004923168e-07,0.6186580657958984,0.6520883440971375,-0.014399620704352856,0.5809798240661621,0.6035573482513428,-0.024281812831759453,0.5739495158195496,0.5484400391578674,-0.036199185997247696,0.6012523770332336,0.5186435580253601,-0.04796759411692619,0.605312705039978,0.5268415808677673,-0.010852419771254063,0.5921882390975952,0.4510549306869507,-0.030105119571089745,0.5862221717834473,0.40711480379104614,-0.043304648250341415,0.5828288793563843,0.36833423376083374,-0.05312259867787361,0.6343939900398254,0.5286475419998169,-0.015453078784048557,0.6217666268348694,0.49010318517684937,-0.05084604769945145,0.618022620677948,0.5480218529701233,-0.05948619917035103,0.6191917657852173,0.5935047268867493,-0.0564100407063961,0.6629523038864136,0.5356811881065369,-0.022401679307222366,0.6507068872451782,0.4950457811355591,-0.05414990335702896,0.6432819366455078,0.5508208274841309,-0.04789820313453674,0.6432027220726013,0.5938118696212769,-0.03417723625898361,0.6930149793624878,0.5485329627990723,-0.030801985412836075,0.6810423135757446,0.5103635787963867,-0.05070498213171959,0.670639157295227,0.5463442206382751,-0.044562097638845444,0.6686776280403137,0.5800492167472839,-0.034122250974178314,1
1,28,1739626111.431214,0.6644396781921387,0.6746254563331604,-1.7215765524269955e-07,0.6192374229431152,0.6525285243988037,-0.014500396326184273,0.5811702013015747,0.6039479374885559,-0.024408793076872826,0.5745242238044739,0.5485408902168274,-0.03637624531984329,0.6023061275482178,0.5180711150169373,-0.04819183796644211,0.6055196523666382,0.5268065333366394,-0.010659673251211643,0.5923363566398621,0.45090770721435547,-0.029876966029405594,0.5863710045814514,0.4069722890853882,-0.04299066215753555,0.5829242467880249,0.36835670471191406,-0.052743151783943176,0.6346900463104248,0.5282901525497437,-0.015293159522116184,0.6218750476837158,0.48991861939430237,-0.050860803574323654,0.6184922456741333,0.5481218099594116,-0.05947751924395561,0.6199457049369812,0.59405118227005,-0.05626625567674637,0.663310170173645,0.5352388024330139,-0.022309621796011925,0.6511285305023193,0.49469563364982605,-0.05431423336267471,0.6438689231872559,0.5508571863174438,-0.047988809645175934,0.6437093019485474,0.5943166017532349,-0.03407706320285797,0.693353533744812,0.5481952428817749,-0.030787227675318718,0.6814363598823547,0.510193407535553,-0.050931937992572784,0.6709638833999634,0.5463500022888184,-0.044797997921705246,0.6686573028564453,0.5805000066757202,-0.03426412492990494,1
1,29,1739626111.480717,0.6642247438430786,0.6748197674751282,-1.7029357479714236e-07,0.6190141439437866,0.6524009704589844,-0.014502682723104954,0.5811920166015625,0.6041192412376404,-0.02451222762465477,0.5744982361793518,0.548880934715271,-0.03661280870437622,0.6023029088973999,0.5180858373641968,-0.04853589087724686,0.6056440472602844,0.5271585583686829,-0.010710599832236767,0.59239262342453,0.451052725315094,-0.030084487050771713,0.586351215839386,0.40703827142715454,-0.04328402876853943,0.5828514695167542,0.36833620071411133,-0.05306749418377876,0.6348311305046082,0.5287994146347046,-0.015408948995172977,0.622317910194397,0.489982932806015,-0.051127463579177856,0.6188772320747375,0.5481962561607361,-0.05977529287338257,0.6204085350036621,0.5939829349517822,-0.056565865874290466,0.6634110808372498,0.5358808636665344,-0.022506186738610268,0.6516004800796509,0.4948154389858246,-0.05463095381855965,0.6441398859024048,0.5509501695632935,-0.04827265441417694,0.6439812183380127,0.5942471027374268,-0.034300271421670914,0.6934002637863159,0.5489823818206787,-0.031068306416273117,0.6818655729293823,0.5103670358657837,-0.051224417984485626,0.6713171005249023,0.5463153719902039,-0.04504398629069328,0.6690415143966675,0.5803773403167725,-0.034463368356227875,1
